bounce_num,time,peak_z
1,1.123,1.28077
2,2.0108,0.835476
3,2.7127,0.555251
4,3.2667,0.380829
5,3.7039,0.273204
